net,epoch,model,avg_psnr,avg_ssim
net2,0,DehazeNet_epoch0.pth,19.449750597623513,0.8750174984082326
net2,1,DehazeNet_epoch1.pth,19.449750597623513,0.8750174984082326
